date,fsret,rm,rf,smb,hml,spidx,rf_cts,vol,div_yld,spretd,spretx
1990-12-31,0.0277,0.030600000000000002,0.006,0.0075,-0.0172,155.225006,0.07853107543311921,0.23550000000000001,0.0381,0.01861346480756021,0.015438464807560281
1991-01-31,0.0301,0.05210000000000001,0.0052,0.037599999999999995,-0.0174,162.914993,0.059672607958219936,0.20329999999999998,0.0368,0.05260756988943749,0.049540903222770716
1991-02-28,0.013999999999999999,0.0767,0.0048,0.039599999999999996,-0.0055000000000000005,174.039993,0.06502683923130537,0.20350000000000001,0.037200000000000004,0.07138714653659917,0.06828714653659906
1991-03-31,0.0052,0.030899999999999997,0.0044,0.0392,-0.0132,177.714996,0.05700559483408463,0.1923,0.0334,0.023899186860171895,0.021115853526838535
1991-04-30,0.0132,0.0025,0.0053,0.0049,0.0148,177.710007,0.06234635043084569,0.1935,0.0325,0.0026802602944098197,-2.807303892360391e-05
1991-05-31,0.0182,0.0412,0.004699999999999999,-0.0034999999999999996,-0.005699999999999999,185.065002,0.0543452941218312,0.17420000000000002,0.0319,0.04404595761045149,0.04138762427711806
1991-06-30,0.003,-0.045200000000000004,0.0042,0.0008,0.0123,176.554993,0.0543452941218312,0.1953,0.0321,-0.04330889164905416,-0.04598389164905414
1991-07-31,0.019799999999999998,0.0473,0.0049,-0.009300000000000001,-0.0125,185.039993,0.05700559483408463,0.158,0.0321,0.05073368050415317,0.048058680504153184
1991-08-31,0.01,0.0278,0.0046,0.0159,-0.0083,186.744995,0.0543452941218312,0.1522,0.0321,0.011889235108623053,0.00921423510862307
1991-09-30,0.0073,-0.011300000000000001,0.0046,0.016399999999999998,-0.0098,182.009995,0.059672607958219936,0.1609,0.031400000000000004,-0.022738765215189027,-0.02535543188185574
1991-10-31,0.0275,0.0171,0.0042,0.0088,-0.004699999999999999,184.044998,0.04640449772902411,0.1607,0.0317,0.013822387813326786,0.011180721146660133
1991-11-30,0.0001,-0.038000000000000006,0.0039000000000000003,-0.0048,-0.018500000000000003,176.005005,0.051691688927476775,0.2057,0.0317,-0.041043264124008716,-0.04368493079067537
1991-12-31,0.015600000000000001,0.11220000000000001,0.0038,-0.0226,-0.041100000000000005,192.779999,0.04640449772902411,0.20170000000000002,0.0317,0.0979514222045843,0.09530975553791765
1992-01-31,0.0042,-0.0024999999999999996,0.0034000000000000002,0.0849,0.0461,190.104996,0.03852350740516175,0.1791,0.031400000000000004,-0.011259269705757524,-0.013875936372424236
1992-02-29,0.027200000000000002,0.0137,0.0028000000000000004,0.0087,0.0637,192.455002,0.03852350740516175,0.1598,0.0294,0.014811621469432712,0.012361621469432649
1992-03-31,0.009399999999999999,-0.023200000000000002,0.0034000000000000002,-0.0104,0.0361,188.809998,0.03852350740516175,0.1591,0.0298,-0.01645617960278667,-0.01893951293611995
1992-04-30,0.0279,0.013900000000000001,0.0032,-0.061200000000000004,0.042699999999999995,194.740005,0.03852350740516175,0.1503,0.030299999999999997,0.033932272193287094,0.031407272193286984
1992-05-31,-0.0027,0.0058000000000000005,0.0028000000000000004,0.004,0.0125,195.419998,0.035909722918169074,0.1424,0.0302,0.006008465899187021,0.0034917992325202984
1992-06-30,0.012199999999999999,-0.0202,0.0032,-0.031,0.0336,191.889999,0.03852350740516175,0.1349,0.0297,-0.015588652830453964,-0.01806365283045397
1992-07-31,-0.0009,0.0408,0.0031,-0.0042,-0.0037,197.904999,0.035909722918169074,0.1336,0.0302,0.03386275052380405,0.03134608385713733
1992-08-31,0.0085,-0.0212,0.0026,-0.0013,-0.0106,192.160004,0.030701872721130563,0.1384,0.0297,-0.02655405449093795,-0.029029054490937956
1992-09-30,0.0033,0.014499999999999999,0.0026,0.0058,-0.0028000000000000004,192.100006,0.030701872721130563,0.1517,0.0296,0.00215443728099296,-0.0003122293856737679
1992-10-31,0.013300000000000001,0.0125,0.0023,0.0203,-0.020099999999999996,191.304993,0.025520204056203255,0.1643,0.0296,-0.001671870424269306,-0.004138537090935923
1992-11-30,0.013500000000000002,0.0436,0.0023,0.0369,-0.013999999999999999,196.369995,0.030701872721130563,0.1351,0.03,0.028976057527677623,0.026476057527677677
1992-12-31,0.013600000000000001,0.0181,0.0028000000000000004,0.0163,0.0263,198.320007,0.03330251687576191,0.1355,0.029300000000000003,0.01237196177106914,0.009930295104402465
1993-01-31,-0.0009,0.011600000000000001,0.0023,0.019799999999999998,0.0592,200.785004,0.030701872721130563,0.1229,0.028399999999999998,0.014796058119844524,0.012429391453177896
1993-02-28,0.018600000000000002,0.0034,0.0022,-0.0347,0.0641,203.830002,0.030701872721130563,0.1275,0.0285,0.017540465245601933,0.015165465245601917
1993-03-31,0.0179,0.0255,0.0025,0.0023,0.0131,207.179993,0.02810777393913555,0.13570000000000002,0.0282,0.018785220365645783,0.01643522036564571
1993-04-30,-0.0001,-0.028099999999999997,0.0024,-0.0066,0.0252,203.559998,0.02810777393913555,0.13419999999999999,0.0277,-0.0151643721513125,-0.017472705484645856
1993-05-31,0.0165,0.031100000000000003,0.0022,0.019799999999999998,-0.0345,208.779999,0.02810777393913555,0.12869999999999998,0.0282,0.02799355006527371,0.025643550065273635
1993-06-30,0.0079,0.005600000000000001,0.0025,-0.0032,0.027200000000000002,208.369995,0.030701872721130563,0.1215,0.0281,0.00037785786331467897,-0.0019638088033520074
1993-07-31,0.0002,-0.0010000000000000002,0.0024,0.0089,0.0282,207.205002,0.02810777393913555,0.1201,0.0279,-0.003265982521259758,-0.00559098252125978
1993-08-31,0.0171,0.039599999999999996,0.0025,0.0015,0.0013,214.160004,0.02810777393913555,0.1162,0.027999999999999997,0.03589913499288966,0.03356580165955636
1993-09-30,0.0028000000000000004,0.0014000000000000002,0.0026,0.0302,-0.0025,210.850006,0.030701872721130563,0.12710000000000002,0.0276,-0.013155724403142943,-0.015455724403142912
1993-10-31,0.0171,0.0163,0.0022,0.0204,-0.027200000000000002,214.095001,0.02810777393913555,0.1151,0.0273,0.017665063588615748,0.015390063588615721
1993-11-30,0.0019,-0.016399999999999998,0.0025,-0.012199999999999999,-0.0077,212.869995,0.030701872721130563,0.12869999999999998,0.027000000000000003,-0.0034717870304221687,-0.005721787030422143
1993-12-31,0.0039000000000000003,0.018799999999999997,0.0023,0.012199999999999999,0.0036,214.729996,0.025520204056203255,0.11460000000000001,0.0271,0.010996065487646645,0.008737732154313393
1994-01-31,0.021099999999999997,0.031200000000000002,0.0025,0.004,0.0113,222.845001,0.030701872721130563,0.09820000000000001,0.027000000000000003,0.040041669311073,0.03779166931107292
1994-02-28,-0.0044,-0.023399999999999997,0.0021,0.027999999999999997,-0.0159,216.880005,0.02810777393913555,0.1375,0.026699999999999998,-0.024542466055924583,-0.026767466055924616
1994-03-31,0.014499999999999999,-0.0451,0.0027,-0.011399999999999999,0.0163,206.164993,0.030701872721130563,0.19149999999999998,0.0269,-0.047163588557299185,-0.04940525522396588
1994-04-30,0.0175,0.009500000000000001,0.0027,-0.0098,0.0166,207.550003,0.035909722918169074,0.1332,0.0274,0.009001302178800685,0.00671796884546727
1994-05-31,0.0044,0.008899999999999998,0.0031,-0.0213,0.0066,211.940002,0.03852350740516175,0.121,0.0285,0.023526524628019407,0.02115152462801939
1994-06-30,0.0023,-0.0272,0.0031,-0.0042,0.0172,205.139999,0.035909722918169074,0.1582,0.028399999999999998,-0.029717899417276317,-0.032084566083942945
1994-07-31,0.0171,0.030999999999999996,0.0028000000000000004,-0.018000000000000002,0.005600000000000001,212.554993,0.035909722918169074,0.10640000000000001,0.0282,0.03849601753020404,0.03614601753020397
1994-08-31,0.0034999999999999996,0.0438,0.0037,0.014199999999999999,-0.024700000000000003,218.729996,0.041143886935326,0.1151,0.0285,0.03142631943901231,0.02905131943901229
1994-09-30,0.0075,-0.0194,0.0037,0.031200000000000002,-0.0187,214.059998,0.04377087814912883,0.1429,0.0278,-0.01903384805651742,-0.021350514723184055
1994-10-31,0.0181,0.017200000000000003,0.0038,-0.0223,-0.0166,218.889999,0.04640449772902411,0.1373,0.0277,0.024872105383821674,0.022563772050488318
1994-11-30,-0.0064,-0.036699999999999997,0.0037,0.0026,-0.0069,210.735001,0.04640449772902411,0.1656,0.027999999999999997,-0.03492281375998352,-0.037256147093316816
1994-12-31,0.006,0.013000000000000001,0.0044,0.003,-0.002,214.315002,0.0543452941218312,0.1344,0.028399999999999998,0.01935483181726716,0.01698816515060053
1995-01-31,0.0085,0.0222,0.0042,-0.0353,0.0254,218.255005,0.051691688927476775,0.11410000000000001,0.028900000000000002,0.020792501325455515,0.01838416799212217
1995-02-28,0.0069,0.0403,0.004,-0.0064,0.011200000000000002,227.804993,0.0543452941218312,0.1148,0.028300000000000002,0.04611443413844407,0.04375610080511083
1995-03-31,0.0078000000000000005,0.0265,0.0046,-0.0017000000000000001,-0.0215,234.835007,0.051691688927476775,0.1358,0.0273,0.03313478892481947,0.030859788924819442
1995-04-30,0.016200000000000003,0.0255,0.0044,-0.0053,0.0171,243.835007,0.059672607958219936,0.12,0.026699999999999998,0.04054978008698251,0.03832478008698259
1995-05-31,0.0165,0.0344,0.0054,-0.0255,0.0223,253.675003,0.06234635043084569,0.1456,0.026099999999999998,0.042530140638193936,0.0403551406381939
1995-06-30,0.0043,0.031900000000000005,0.004699999999999999,0.031400000000000004,-0.025,259.0,0.0543452941218312,0.1288,0.0254,0.02310808062951586,0.020991413962849093
1995-07-31,0.0102,0.0417,0.0045000000000000005,0.0208,-0.0163,267.420013,0.059672607958219936,0.14300000000000002,0.0248,0.03457636936936925,0.03250970270270259
1995-08-31,-0.0024,0.0102,0.004699999999999999,0.013600000000000001,0.028399999999999998,265.26001,0.051691688927476775,0.1199,0.0241,-0.006068859453281283,-0.008077192786614562
1995-09-30,0.0163,0.0378,0.0043,-0.0229,0.0002,278.045013,0.05700559483408463,0.12990000000000002,0.0242,0.0502146705798836,0.048198003913216825
1995-10-31,0.015300000000000001,-0.0105,0.004699999999999999,-0.0382,-0.0046,277.940002,0.0543452941218312,0.1442,0.0235,0.0015806570755685367,-0.00037767625776474745
1995-11-30,0.0044,0.0438,0.0042,-0.012,0.0060999999999999995,288.665009,0.051691688927476775,0.12050000000000001,0.023399999999999997,0.04053748982811034,0.038587489828110444
1995-12-31,0.0103,0.0152,0.0049,0.0064,0.0033,292.959991,0.06234635043084569,0.1389,0.023,0.016795442639129465,0.014878775972462899
1996-01-31,0.014199999999999999,0.0269,0.0043,-0.0263,0.0022,304.980011,0.04904476239955824,0.1329,0.022400000000000003,0.04289622827666828,0.0410295616100016
1996-02-29,0.0066,0.017200000000000003,0.0039000000000000003,0.0181,-0.0116,308.535004,0.051691688927476775,0.18350000000000002,0.0226,0.01353981202629262,0.011656478692959382
1996-03-31,0.0116,0.011200000000000002,0.0039000000000000003,0.0152,0.0031,311.100006,0.04904476239955824,0.2029,0.0216,0.010113487827138057,0.008313487827138033
1996-04-30,0.005699999999999999,0.0252,0.0046,0.0524,-0.0408,315.234985,0.05700559483408463,0.1684,0.0218,0.015108145034558262,0.013291478367891685
1996-05-31,0.0134,0.0278,0.0042,0.0308,-0.008,323.01001,0.04904476239955824,0.1734,0.0219,0.026489219931046026,0.02466421993104606
1996-06-30,0.0015,-0.007399999999999999,0.004,-0.0391,0.0226,323.765015,0.051691688927476775,0.152,0.0215,0.004129071009027374,0.0023374043423607382
1996-07-31,0.018600000000000002,-0.0552,0.0045000000000000005,-0.0431,0.0516,308.174988,0.051691688927476775,0.20190000000000002,0.021400000000000002,-0.046368956993649735,-0.048152290326983094
1996-08-31,0.002,0.0318,0.0040999999999999995,0.024399999999999998,-0.0078000000000000005,314.809998,0.04904476239955824,0.1764,0.022400000000000003,0.02339667480606833,0.021530008139401646
1996-09-30,0.0116,0.0545,0.0044,-0.0095,-0.0276,330.890015,0.05700559483408463,0.1787,0.0219,0.05290348258364386,0.05107848258364389
1996-10-31,0.0103,0.0128,0.0042,-0.044500000000000005,0.0492,340.350006,0.04640449772902411,0.1993,0.0217,0.03039786632362329,0.02858953299028988
1996-11-30,0.0151,0.0666,0.0040999999999999995,-0.0407,0.0146,366.695007,0.051691688927476775,0.187,0.021,0.0791556134437088,0.07740561344370889
1996-12-31,0.0040999999999999995,-0.0124,0.0046,0.0308,0.013300000000000001,359.98999,0.05700559483408463,0.2167,0.020099999999999996,-0.016609996719358144,-0.018284996719358126
1997-01-31,0.023799999999999998,0.05430000000000001,0.0045000000000000005,-0.019299999999999998,-0.0143,385.899994,0.051691688927476775,0.2082,0.02,0.07364090128357925,0.07197423461691255
1997-02-28,0.0067,-0.0009999999999999998,0.0039000000000000003,-0.0329,0.057,384.269989,0.051691688927476775,0.2346,0.0195,-0.0025989052224498765,-0.004223905222449864
1997-03-31,0.008,-0.045899999999999996,0.0043,-0.0044,0.034300000000000004,368.600006,0.0543452941218312,0.24989999999999998,0.018799999999999997,-0.0392119094609632,-0.04077857612762992
1997-04-30,0.011000000000000001,0.0447,0.0043,-0.0574,0.0009,392.850006,0.051691688927476775,0.2119,0.019,0.06737280594663542,0.06578947261330215
1997-05-31,0.005699999999999999,0.0723,0.0049,0.0516,-0.0408,413.350006,0.059672607958219936,0.2212,0.019799999999999998,0.053832766162411616,0.05218276616241169
1997-06-30,0.0128,0.0447,0.0037,0.011899999999999999,0.016200000000000003,430.575012,0.04640449772902411,0.2334,0.0182,0.04318838736333941,0.0416717206966728
1997-07-31,0.0068000000000000005,0.0776,0.0043,-0.027000000000000003,0.002,464.945007,0.04904476239955824,0.2375,0.0173,0.08126514467193435,0.07982347800526779
1997-08-31,0.0028000000000000004,-0.0374,0.0040999999999999995,0.0733,0.011200000000000002,434.470001,0.051691688927476775,0.27940000000000004,0.016399999999999998,-0.06417873234005922,-0.06554539900672585
1997-09-30,0.0232,0.0579,0.0044,0.0256,0.0029,456.915009,0.0543452941218312,0.243,0.0165,0.05303566229737222,0.05166066229737232
1997-10-31,0.0049,-0.0338,0.0042,-0.008,0.0233,436.714996,0.04640449772902411,0.3446,0.016399999999999998,-0.04284289660465068,-0.04420956327131731
1997-11-30,0.0149,0.0337,0.0039000000000000003,-0.051100000000000007,0.0124,459.100006,0.0543452941218312,0.2731,0.016200000000000003,0.05260770858576147,0.05125770858576151
1997-12-31,0.0036,0.018000000000000002,0.0048,-0.026600000000000002,0.0403,459.940002,0.05700559483408463,0.2489,0.016399999999999998,0.0031963246693285097,0.0018296580026617715
1998-01-31,0.0085,0.0058,0.0043,-0.0102,-0.0165,468.790009,0.0543452941218312,0.217,0.0161,0.020583322016313632,0.019241655349647058
1998-02-28,0.0123,0.07429999999999999,0.0039000000000000003,0.0026,-0.0078000000000000005,501.929993,0.0543452941218312,0.1943,0.0161,0.0720342654076096,0.07069259874094302
1998-03-31,0.0168,0.0515,0.0039000000000000003,-0.0121,0.0154,528.909973,0.04640449772902411,0.2425,0.0152,0.055019142861090886,0.05375247619442414
1998-04-30,0.0036,0.0116,0.0043,0.0003,0.0089,536.47998,0.051691688927476775,0.2159,0.014499999999999999,0.01552080121338184,0.014312467880048585
1998-05-31,0.0169,-0.026699999999999998,0.004,-0.034,0.034300000000000004,529.039978,0.051691688927476775,0.2289,0.014199999999999999,-0.012684848662945392,-0.013868181996278706
1998-06-30,0.012199999999999999,0.0359,0.0040999999999999995,-0.0332,-0.018000000000000002,554.559998,0.04904476239955824,0.1986,0.0143,0.04943002494060411,0.04823835827393741
1998-07-31,0.0076,-0.0206,0.004,-0.049400000000000006,-0.0171,550.929993,0.04640449772902411,0.2627,0.0144,-0.005345738987830861,-0.00654573898783084
1998-08-31,0.0021,-0.15649999999999997,0.0043,-0.056799999999999996,0.0356,470.910004,0.051691688927476775,0.4833,0.0138,-0.14409529435085588,-0.14524529435085587
1998-09-30,0.0098,0.0661,0.0046,0.0006,-0.0342,493.100006,0.05700559483408463,0.4194,0.015,0.048371534500252444,0.04712153450025247
1998-10-31,0.018600000000000002,0.0745,0.0032,-0.0311,-0.022099999999999998,536.969971,0.03852350740516175,0.2656,0.0158,0.09028434962386367,0.08896768295719704
1998-11-30,0.0078000000000000005,0.06409999999999999,0.0031,0.0121,-0.0316,577.190002,0.03852350740516175,0.25,0.015700000000000002,0.07621015870933756,0.07490182537600432
1998-12-31,0.0026,0.0654,0.0038,-0.0054,-0.042,604.030029,0.04377087814912883,0.2541,0.0141,0.04767619875084028,0.046501198750840356
1999-01-31,0.0199,0.0385,0.0034999999999999996,0.008100000000000001,-0.0466,640.440002,0.04904476239955824,0.26530000000000004,0.013600000000000001,0.061411748729797155,0.060278415396463725
1999-02-28,0.0011,-0.0373,0.0034999999999999996,-0.0608,0.0191,618.419983,0.04904476239955824,0.2952,0.013000000000000001,-0.033299308180680054,-0.03438264151401338
1999-03-31,0.0222,0.0388,0.0043,-0.037599999999999995,-0.0277,646.590027,0.04640449772902411,0.2445,0.0131,0.046643305964195525,0.04555163929752881
1999-04-30,0.0029,0.047,0.0037,0.0398,0.023399999999999997,675.650024,0.04640449772902411,0.2607,0.0128,0.046010132829964245,0.044943466163297474
1999-05-31,0.014499999999999999,-0.0212,0.0034000000000000002,0.0333,0.0236,658.659973,0.04377087814912883,0.2638,0.0123,-0.024121230143551275,-0.02514623014355133
1999-06-30,0.017,0.051699999999999996,0.004,0.0315,-0.034,704.469971,0.04640449772902411,0.2101,0.0123,0.07057529890665593,0.06955029890665587
1999-07-31,0.0036,-0.031100000000000003,0.0038,0.0255,-0.0048,683.289978,0.04640449772902411,0.2583,0.0124,-0.029031813332797585,-0.030065146666130915
1999-08-31,0.0087,-0.009899999999999999,0.0039000000000000003,-0.01,-0.0172,692.23999,0.04640449772902411,0.25239999999999996,0.012,0.014098409589142102,0.013098409589142213
1999-09-30,0.0066,-0.024,0.0039000000000000003,0.0336,-0.0342,672.369995,0.04640449772902411,0.26890000000000003,0.0125,-0.027662244241456357,-0.028703910908123076
1999-10-31,0.0105,0.06509999999999999,0.0039000000000000003,-0.0675,-0.0316,717.030029,0.04640449772902411,0.2256,0.0126,0.06747181288889914,0.06642181288889915
1999-11-30,0.0154,0.0373,0.0036,0.0717,-0.060700000000000004,738.73999,0.04377087814912883,0.2495,0.0128,0.03134428423071456,0.030277617564047787
1999-12-31,0.0032,0.0816,0.0044,0.0707,-0.084,792.830017,0.051691688927476775,0.2671,0.012,0.07421930277525646,0.07321930277525657
2000-01-31,0.021400000000000002,-0.0433,0.0040999999999999995,0.057,-0.0175,754.26001,0.0543452941218312,0.262,0.011699999999999999,-0.04767352007741288,-0.04864852007741283
2000-02-29,0.0013,0.028800000000000003,0.0043,0.2119,-0.0894,738.640015,0.05700559483408463,0.2559,0.011699999999999999,-0.019734032419735592,-0.02070903241973554
2000-03-31,0.0177,0.0567,0.004699999999999999,-0.16820000000000002,0.0766,815.059998,0.051691688927476775,0.2721,0.0121,0.10446872195037837,0.1034603886170451
2000-04-30,0.0027,-0.0594,0.0046,-0.0693,0.0741,781.419983,0.06234635043084569,0.28859999999999997,0.0116,-0.04030638695214184,-0.04127305361880851
2000-05-31,0.013000000000000001,-0.0392,0.005,-0.0633,0.0501,761.549988,0.059672607958219936,0.2657,0.0115,-0.024469727673906205,-0.02542806100723949
2000-06-30,0.0073,0.0504,0.004,0.128,-0.08220000000000001,790.25,0.04640449772902411,0.22260000000000002,0.0118,0.03866964736686462,0.03768631403353129
2000-07-31,0.0058,-0.0203,0.0048,-0.0316,0.084,782.640015,0.06234635043084569,0.23440000000000003,0.011399999999999999,-0.008679844985764018,-0.009629844985764024
2000-08-31,0.0126,0.0753,0.005,-0.006500000000000001,-0.0147,827.409973,0.05700559483408463,0.1928,0.0113,0.05814543486397783,0.05720376819731121
2000-09-30,0.0018,-0.049400000000000006,0.0051,-0.0189,0.0728,759.830017,0.06502683923130537,0.23850000000000002,0.0111,-0.08075150645419527,-0.08167650645419522
2000-10-31,0.0086,-0.022,0.005600000000000001,-0.0387,0.0571,750.929993,0.06502683923130537,0.25989999999999996,0.0111,-0.010788177685635003,-0.011713177685634957
2000-11-30,0.0062,-0.10210000000000001,0.0051,-0.035,0.1253,697.280029,0.06234635043084569,0.3292,0.011699999999999999,-0.07046969457887264,-0.07144469457887259
2000-12-31,0.0036,0.0169,0.005,0.0073,0.0767,686.450012,0.06502683923130537,0.3023,0.0118,-0.014548471034463883,-0.01553180436779722
2001-01-31,0.021400000000000002,0.036699999999999997,0.0054,0.0676,-0.0533,715.200012,0.06771409138178419,0.2429,0.012199999999999999,0.04289881321399602,0.04188214654732936
2001-02-28,0.0008,-0.0967,0.0038,-0.008199999999999999,0.1258,640.710022,0.051691688927476775,0.31,0.0121,-0.10314433550079416,-0.10415266883412755
2001-03-31,0.010700000000000001,-0.0684,0.0042,0.0017000000000000001,0.0652,591.630005,0.04904476239955824,0.3382,0.0123,-0.07557754298316555,-0.0766025429831656
2001-04-30,0.0126,0.0833,0.0039000000000000003,0.0060999999999999995,-0.048,645.469971,0.051691688927476775,0.28190000000000004,0.013500000000000002,0.09212776447270454,0.0910027644727045
2001-05-31,0.0026,0.0104,0.0032,0.0253,0.0334,646.22998,0.03852350740516175,0.2596,0.013300000000000001,0.002285783926150975,0.0011774505928177081
2001-06-30,0.0017000000000000001,-0.0166,0.0028000000000000004,0.0625,-0.0116,632.02002,0.03330251687576191,0.2163,0.0124,-0.0209556805468335,-0.02198901388016683
2001-07-31,0.0038,-0.018299999999999997,0.003,-0.042300000000000004,0.0535,622.159973,0.035909722918169074,0.23870000000000002,0.0127,-0.014542512665184248,-0.015600845998517632
2001-08-31,0.009399999999999999,-0.061500000000000006,0.0031,0.0248,0.0233,577.400024,0.03330251687576191,0.2785,0.013000000000000001,-0.07085949639287281,-0.07194282972620614
2001-09-30,0.0066,-0.0897,0.0028000000000000004,-0.0625,0.015700000000000002,533.099976,0.04640449772902411,0.3519,0.013300000000000001,-0.07561498872873851,-0.07672332206207189
2001-10-31,0.012199999999999999,0.0268,0.0022,0.0757,-0.0766,544.429993,0.025520204056203255,0.3528,0.0151,0.022511414387683226,0.021253081054349865
2001-11-30,0.011399999999999999,0.0771,0.0017000000000000001,-0.0048,0.0216,584.799988,0.020364585300433724,0.2614,0.0146,0.07536760529799968,0.07415093863133304
2001-12-31,0.0012,0.0176,0.0015,0.0479,0.009000000000000001,584.280029,0.01779650368733776,0.2202,0.0139,0.00026921053807082984,-0.0008891227952624314
2002-01-31,-0.0004,-0.012999999999999998,0.0014000000000000002,0.0118,0.0338,573.48999,0.01779650368733776,0.2284,0.0137,-0.017325572438642522,-0.01846723910530923
2002-02-28,0.0053,-0.0216,0.0013,-0.010700000000000001,0.022099999999999998,562.409973,0.01779650368733776,0.23129999999999998,0.0138,-0.01817033199045026,-0.019320331990450246
2002-03-31,0.0039000000000000003,0.0437,0.0013,0.0414,0.0108,577.869995,0.01779650368733776,0.0,0.0143,0.028680549762984064,0.027488883096317362
2002-04-30,0.0109,-0.050499999999999996,0.0015,0.0584,0.039599999999999996,532.400024,0.01779650368733776,0.2351,0.013600000000000001,-0.07755213466712929,-0.07868546800046261
2002-05-31,0.020499999999999997,-0.012399999999999998,0.0014000000000000002,-0.0326,0.015700000000000002,529.200012,0.01779650368733776,0.228,0.014199999999999999,-0.004827207342374851,-0.006010540675708165
2002-06-30,0.0019,-0.0708,0.0013,0.042,0.0004,490.119995,0.015234885492579231,0.2913,0.0148,-0.07261401382054389,-0.0738473471538772
2002-07-31,0.0329,-0.0803,0.0015,-0.052199999999999996,-0.0371,458.869995,0.01779650368733776,0.3521,0.0158,-0.062443229519572374,-0.063759896186239
2002-08-31,-0.0013,0.0064,0.0014000000000000002,-0.0294,0.0323,460.799988,0.015234885492579231,0.358,0.0177,0.005680969056660379,0.004205969056660486
2002-09-30,0.0006,-0.1021,0.0014000000000000002,0.0239,0.0149,407.25,0.01779650368733776,0.4457,0.0174,-0.1147609144846593,-0.11621091448465926
2002-10-31,0.0066,0.0798,0.0014000000000000002,-0.0344,-0.0407,451.200012,0.015234885492579231,0.3591,0.0182,0.10943566482504608,0.10791899815837946
2002-11-30,0.0009,0.0608,0.0012,0.0323,-0.0151,478.850006,0.015234885492579231,0.31079999999999997,0.018600000000000002,0.06283101344110764,0.0612810134411077
2002-12-31,0.0,-0.056499999999999995,0.0011,-0.0001,0.022799999999999997,444.75,0.012679714448849522,0.32030000000000003,0.0176,-0.06974562439050425,-0.07121229105717086
2003-01-31,-0.0034999999999999996,-0.024699999999999996,0.001,0.0128,-0.0086,432.570007,0.012679714448849522,0.3578,0.0179,-0.025894489600899462,-0.02738615626756613
2003-02-28,-0.0005,-0.0179,0.0009,-0.0046,-0.013300000000000001,425.359985,0.012679714448849522,0.34149999999999997,0.018000000000000002,-0.015167873138046795,-0.01666787313804674
2003-03-31,0.018500000000000003,0.0119,0.001,0.009300000000000001,-0.0215,429.130005,0.012679714448849522,0.3337,0.019299999999999998,0.010471461349477185,0.008863128016143751
2003-04-30,0.0003,0.0832,0.001,0.0064,0.0089,465.529999,0.012679714448849522,0.2377,0.0192,0.08642276600537402,0.08482276600537397
2003-05-31,0.009000000000000001,0.061399999999999996,0.0009,0.0449,0.0011,483.200012,0.010130974329781495,0.217,0.0182,0.03947343215537158,0.03795676548870497
2003-06-30,0.009300000000000001,0.0152,0.001,0.0175,0.0039000000000000003,490.390015,0.012679714448849522,0.2162,0.0173,0.01632163939315734,0.014879972726490776
2003-07-31,0.0137,0.0242,0.0007000000000000001,0.052300000000000006,-0.0108,499.269989,0.007588648949847565,0.21239999999999998,0.016399999999999998,0.01947464955453193,0.018107982887865193
2003-08-31,0.0016,0.024099999999999996,0.0007000000000000001,0.027000000000000003,0.0161,503.359985,0.007588648949847565,0.1949,0.016399999999999998,0.009558619097438603,0.008191952430771865
2003-09-30,0.0086,-0.0116,0.0008,0.0070999999999999995,0.0005,498.559998,0.010130974329781495,0.2377,0.0166,-0.008152559751215316,-0.009535893084548608
2003-10-31,0.0126,0.061500000000000006,0.0007000000000000001,0.0264,0.0192,519.97998,0.007588648949847565,0.17149999999999999,0.0163,0.04432203296011328,0.04296369962677993
2003-11-30,-0.0014000000000000002,0.0142,0.0007000000000000001,0.0199,0.018000000000000002,520.73999,0.010130974329781495,0.1671,0.016200000000000003,0.002811613964445403,0.0014616139644454407
2003-12-31,0.0025,0.0437,0.0008,-0.0276,0.0158,550.780029,0.010130974329781495,0.1751,0.0163,0.0590455468695934,0.05768721353626005
2004-01-31,0.0088,0.022199999999999998,0.0007000000000000001,0.0253,0.0245,560.309998,0.007588648949847565,0.1705,0.0161,0.01864434377589763,0.017302677109231057
2004-02-29,0.0044,0.0146,0.0006,-0.015600000000000001,0.0086,564.539978,0.007588648949847565,0.1476,0.0155,0.008841023299778428,0.007549356633111737
2004-03-31,-0.0001,-0.0123,0.0009,0.0175,0.0024,551.130005,0.010130974329781495,0.1673,0.015600000000000001,-0.022453805793360537,-0.023753805793360505
2004-04-30,0.0037,-0.0175,0.0008,-0.0173,-0.030699999999999998,540.880005,0.010130974329781495,0.17559999999999998,0.016,-0.01726481938382829,-0.018598152717161587
2004-05-31,0.0059,0.0123,0.0006,-0.0024,-0.0029,545.130005,0.007588648949847565,0.1582,0.0161,0.009199232042927719,0.007857565376261144
2004-06-30,0.0121,0.0194,0.0008,0.022799999999999997,0.0123,553.869995,0.010130974329781495,0.1399,0.0167,0.01742452106806769,0.01603285440140101
2004-07-31,0.0002,-0.039599999999999996,0.001,-0.0385,0.032799999999999996,537.669983,0.012679714448849522,0.154,0.016399999999999998,-0.027882095942327934,-0.02924876260899456
2004-08-31,0.0126,0.0019,0.0011,-0.015600000000000001,0.0096,538.77002,0.012679714448849522,0.14980000000000002,0.017,0.003462600110565095,0.0020459334438984733
2004-09-30,0.0046,0.0171,0.0011,0.0301,-0.0007000000000000001,534.859985,0.012679714448849522,0.1344,0.0174,-0.0058073358851704615,-0.007257335885170413
2004-10-31,0.0003,0.0154,0.0011,0.0013,-0.0029,540.650024,0.012679714448849522,0.16570000000000001,0.0171,0.01225033590543334,0.010825335905433331
2004-11-30,0.0079,0.046900000000000004,0.0015,0.037200000000000004,0.0143,557.469971,0.01779650368733776,0.1354,0.0172,0.03254393400538658,0.03111060067205318
2004-12-31,0.0024,0.0359,0.0016,-0.0007000000000000001,-0.0018,575.289978,0.01779650368733776,0.1358,0.0166,0.03334919324868291,0.031965859915349615
2005-01-31,0.0051,-0.025999999999999995,0.0016,-0.0172,0.020099999999999996,564.880005,0.020364585300433724,0.12369999999999999,0.016200000000000003,-0.01674517529957742,-0.018095175299577382
2005-02-28,0.0037,0.020499999999999997,0.0016,-0.0055000000000000005,0.0163,574.409973,0.022939146640221342,0.1186,0.0167,0.018262449692523663,0.016870783025856984
2005-03-31,0.0085,-0.0176,0.0021,-0.013500000000000002,0.021400000000000002,561.830017,0.025520204056203255,0.1362,0.0166,-0.020517324021722794,-0.021900657355056086
2005-04-30,0.0014000000000000002,-0.024,0.0021,-0.0397,0.0005,552.73999,0.025520204056203255,0.1518,0.0169,-0.014770985544176884,-0.01617931887751023
2005-05-31,0.0063,0.0389,0.0024,0.027999999999999997,-0.0066,564.48999,0.02810777393913555,0.125,0.0176,0.022724401248164883,0.021257734581498156
2005-06-30,0.0046,0.008,0.0023,0.0255,0.0282,558.070007,0.025520204056203255,0.11349999999999999,0.0176,-0.009906401259657471,-0.011373067926324087
2005-07-31,0.0013,0.0416,0.0024,0.0287,-0.0083,572.590027,0.030701872721130563,0.1107,0.0174,0.02746827695069065,0.0260182769506907
2005-08-31,0.0016,-0.0092,0.003,-0.0098,0.0138,564.280029,0.03330251687576191,0.11779999999999999,0.0173,-0.013071331478863302,-0.014512998145529976
2005-09-30,0.0089,0.0078000000000000005,0.0029,-0.0066,0.0074,566.799988,0.035909722918169074,0.11689999999999999,0.0174,0.005915795120315925,0.004465795120315974
2005-10-31,0.0161,-0.0175,0.0027,-0.011899999999999999,0.0045000000000000005,556.73999,0.03330251687576191,0.1365,0.0175,-0.01629042851032425,-0.01774876184365759
2005-11-30,0.0075,0.0392,0.0031,0.0097,-0.0116,574.559998,0.03852350740516175,0.11779999999999999,0.0182,0.033524441067783295,0.032007774401116684
2005-12-31,0.0054,0.0007000000000000001,0.0032,-0.0046,0.0024,570.0,0.03852350740516175,0.1177,0.0178,-0.006453171149876424,-0.007936504483209705
2006-01-31,0.006999999999999999,0.0339,0.0034999999999999996,0.054000000000000006,0.009899999999999999,578.77002,0.04377087814912883,0.1219,0.0176,0.01685266666666685,0.015386000000000122
2006-02-28,0.002,0.00040000000000000034,0.0034000000000000002,-0.0037,-0.0026,580.820007,0.04640449772902411,0.1184,0.0175,0.0050003049786511156,0.0035419716453177763
2006-03-31,0.0131,0.0183,0.0037,0.0349,0.0068000000000000005,587.75,0.041143886935326,0.1112,0.0177,0.013406395124961445,0.011931395124961552
2006-04-30,0.009399999999999999,0.010899999999999998,0.0036,-0.0141,0.023700000000000002,595.890015,0.04904476239955824,0.1079,0.0176,0.015316117963986908,0.013849451297320181
2006-05-31,0.006999999999999999,-0.0314,0.0043,-0.030899999999999997,0.0245,581.200012,0.051691688927476775,0.1559,0.0177,-0.023177205323493988,-0.024652205323493992
2006-06-30,0.0051,0.0005000000000000004,0.004,-0.0036,0.0092,579.559998,0.04640449772902411,0.1244,0.018000000000000002,-0.0013217721371968638,-0.0028217721371968096
2006-07-31,0.0106,-0.0038,0.004,-0.039900000000000005,0.026699999999999998,588.73999,0.051691688927476775,0.1377,0.0187,0.017397922041455516,0.015839588708122188
2006-08-31,0.0077,0.024499999999999997,0.0042,0.0102,-0.019799999999999998,602.030029,0.04640449772902411,0.1131,0.018799999999999997,0.02414036511714901,0.022573698450482294
2006-09-30,0.0068000000000000005,0.0225,0.0040999999999999995,-0.0129,-0.0004,620.030029,0.051691688927476775,0.11349999999999999,0.018500000000000003,0.03144050747681515,0.029898840810148375
2006-10-31,0.0042,0.0364,0.0040999999999999995,0.0172,-0.003,640.570007,0.04640449772902411,0.1041,0.0183,0.034652392286349976,0.03312739228634998
2006-11-30,0.0086,0.0213,0.0042,0.0078000000000000005,0.0007000000000000001,649.640015,0.051691688927476775,0.1036,0.0179,0.01565094340595352,0.014159276739286852
2006-12-31,0.0086,0.0127,0.004,-0.011399999999999999,0.027200000000000002,660.409973,0.051691688927476775,0.1125,0.0177,0.01805334762533839,0.016578347625338496
2007-01-31,0.0029,0.0184,0.0044,0.0016,-0.0069,666.780029,0.05700559483408463,0.1014,0.0176,0.011112275092389323,0.009645608425722596
2007-02-28,-0.0011,-0.0158,0.0038,0.0129,-0.0017000000000000001,643.73999,0.051691688927476775,0.1593,0.0176,-0.03308751611915284,-0.034554182785819454
2007-03-31,0.016399999999999998,0.0111,0.0043,0.0008,-0.0083,649.890015,0.04904476239955824,0.1441,0.0175,0.011011918780153174,0.009553585446819834
2007-04-30,0.0098,0.0393,0.0044,-0.0218,-0.0138,680.650024,0.05700559483408463,0.1334,0.0181,0.0488394328886943,0.04733109955536108
2007-05-31,0.008100000000000001,0.036500000000000005,0.0040999999999999995,0.0027,-0.0063,702.429993,0.04640449772902411,0.1276,0.0176,0.033465444646581854,0.03199877797991513
2007-06-30,0.0034000000000000002,-0.015600000000000001,0.004,0.0078000000000000005,-0.011000000000000001,692.77002,0.04904476239955824,0.16690000000000002,0.0172,-0.012318888377393034,-0.01375222171072632
2007-07-31,0.0017000000000000001,-0.0333,0.004,-0.0245,-0.0355,675.75,0.04904476239955824,0.2518,0.0173,-0.02312639994799437,-0.024568066614661044
2007-08-31,0.0031,0.0134,0.0042,-0.0017000000000000001,-0.0191,687.469971,0.04640449772902411,0.23579999999999998,0.0174,0.018793649278579183,0.017343649278579232
2007-09-30,0.0097,0.0354,0.0032,-0.0222,-0.022099999999999998,714.48999,0.04377087814912883,0.1818,0.0184,0.04083689587395822,0.03930356254062484
2007-10-31,0.0046,0.0212,0.0032,0.0025,-0.0291,724.400024,0.035909722918169074,0.1834,0.018000000000000002,0.015370080951029097,0.01387008095102904
2007-11-30,0.0104,-0.0449,0.0034000000000000002,-0.027999999999999997,-0.01,692.030029,0.041143886935326,0.2481,0.0177,-0.04321024838149368,-0.04468524838149368
2007-12-31,0.0023,-0.006,0.0027,0.0014000000000000002,-0.0059,685.650024,0.035909722918169074,0.23190000000000002,0.018799999999999997,-0.007652593672684782,-0.009219260339351498
2008-01-31,0.0063,-0.061500000000000006,0.0021,-0.0089,0.036699999999999997,643.059998,0.025520204056203255,0.2833,0.0187,-0.060557942476787696,-0.062116275810121024
2008-02-29,0.0006,-0.0296,0.0013,-0.0027,-0.0088,613.619995,0.01779650368733776,0.289,0.0203,-0.044089447213161326,-0.04578111387982797
2008-03-31,0.0018,-0.0076,0.0017000000000000001,0.0079,0.0014000000000000002,613.710022,0.022939146640221342,0.26489999999999997,0.0207,0.0018717145802509272,0.00014671458025095063
2008-04-30,0.009300000000000001,0.047799999999999995,0.0018,-0.0159,-0.0096,641.0,0.020364585300433724,0.2116,0.0215,0.046258885746885525,0.04446721908021889
2008-05-31,0.008100000000000001,0.0204,0.0018,0.0305,-0.014499999999999999,639.150024,0.020364585300433724,0.1857,0.0208,-0.001152744669786765,-0.0028860780031201294
2008-06-30,-0.0006,-0.0827,0.0017000000000000001,0.012199999999999999,-0.0277,581.090027,0.020364585300433724,0.2459,0.0204,-0.08913938796816823,-0.09083938796816826
2008-07-31,0.0072,-0.0062,0.0015,0.024700000000000003,0.0527,583.909973,0.01779650368733776,0.24670000000000003,0.021400000000000002,0.006636188947735544,0.004852855614402296
2008-08-31,0.0070999999999999995,0.0166,0.0013,0.0354,0.014499999999999999,590.830017,0.015234885492579231,0.2259,0.0229,0.0137595506784427,0.0118512173451093
2008-09-30,0.005,-0.0909,0.0015,-0.0118,0.060700000000000004,543.48999,0.01779650368733776,0.4451,0.0225,-0.0782496139124309,-0.08012461391243086
2008-10-31,-0.0006,-0.1715,0.0008,-0.0252,-0.023700000000000002,464.190002,0.010130974329781495,0.6138,0.023700000000000002,-0.14393382897401674,-0.1459088289740167
